{"num": 361591, "min_len": 1, "max_len": 1584, "mean_len": 34.135711342373014, "min_x": -959561.2088965769, "min_y": 5016010.823090186, "max_x": -953149.2062268843, "max_y": 5036925.419196236}